collected_at,hpid,dutyName,hvidate,hvec,hvoc,hvgc,hvicc,hvcc,hvncc,hvccc,hvctayn,hvmriayn,hvangioayn,hvventiayn,hvamyn,hvs01
2026-10-09 00:00:00,A1100043,강동경희대학교병원,20261008235516,-2,17,218,2,,3,,Y,Y,Y,Y,Y,15
2026-10-09 00:00:00,A1100014,고려대학교의과대학부속구로병원,20261008235244,1,24,131,9,,0,,Y,Y,Y,Y,Y,29
2026-10-09 00:00:00,A1100013,한양대학교병원,20261008235259,4,16,199,0,,0,,Y,Y,Y,Y,Y,20
2026-10-09 00:00:00,A1100008,학교법인고려중앙학원고려대학교의과대학부속병원(안암병원),20261008235025,3,23,157,,,0,,Y,Y,Y,Y,Y,30
2026-10-09 00:00:00,A1100005,이화여자대학교의과대학부속목동병원,20261008235058,5,13,104,,,7,,Y,Y,Y,Y,Y,19
2026-10-09 00:00:00,A1100017,서울대학교병원,20261008235449,-2,53,216,,5,5,3,Y,Y,Y,Y,Y,24
2026-10-09 00:00:00,A1100035,서울특별시서울의료원,20261008235500,8,10,99,1,,2,,Y,Y,Y,Y,Y,19
2026-10-09 00:00:00,A1100015,연세대학교의과대학강남세브란스병원,20261008235329,1,23,179,6,,0,,Y,Y,Y,Y,Y,21
2026-10-09 00:00:00,A1100010,삼성서울병원,20261008235432,-12,42,294,,,3,13,Y,Y,Y,Y,Y,52
2026-10-09 00:00:00,A1100028,성심의료재단강동성심병원,20261008224836,11,13,225,5,,2,,Y,Y,Y,Y,Y,15
2026-10-09 00:00:00,A1100053,한국보훈복지의료공단 중앙보훈병원,20261008235136,18,13,184,,,,,Y,Y,Y,Y,Y,22
2026-10-09 00:00:00,A1120796,이화여자대학교의과대학부속서울병원,20261008235107,0,18,196,0,,7,1,Y,Y,Y,Y,Y,14
2026-10-09 00:00:00,A1100041,의료법인서울효천의료재단 에이치플러스양지병원,20261008235510,10,7,42,2,,,,Y,Y,Y,Y,Y,18
2026-10-09 00:00:00,A1100002,건국대학교병원,20261008235102,7,20,159,,,0,,Y,Y,Y,Y,Y,20
2026-10-09 00:00:00,A1100016,인제대학교상계백병원,20261008235539,5,13,81,,,2,,Y,Y,Y,Y,Y,16
2026-10-09 00:00:00,A1100048,노원을지대학교병원,20261008235102,12,11,234,,,3,,Y,Y,Y,Y,Y,17
2026-10-09 00:00:00,A1100020,의료법인한전의료재단 한일병원,20261008235503,14,8,116,8,,,,Y,Y,Y,Y,Y,21
2026-10-09 00:00:00,A1100001,경희대학교병원,20261008235524,6,16,186,16,,7,,Y,Y,Y,Y,Y,15
2026-10-09 00:00:00,A1100021,삼육서울병원,20261008235437,13,5,131,3,,4,,Y,Y,Y,Y,Y,13
2026-10-09 00:00:00,A1100040,서울특별시보라매병원,20261008235500,16,13,208,,,2,,Y,Y,Y,Y,Y,31
2026-10-09 00:00:00,A1100003,중앙대학교병원,20261008235508,-4,16,189,,,0,,Y,Y,Y,Y,Y,22
2026-10-09 00:00:00,A1100007,연세대학교의과대학세브란스병원,20261008235422,-7,0,412,8,4,14,4,Y,Y,Y,Y,Y,39
2026-10-09 00:00:00,A1100012,학교법인가톨릭학원가톨릭대학교서울성모병원,20261008235510,-11,31,149,1,,10,7,Y,Y,Y,Y,Y,28
2026-10-09 00:00:00,A1100009,재단법인아산사회복지재단 서울아산병원,20261008235215,5,3,335,6,6,22,0,Y,Y,Y,Y,Y,36
2026-10-09 00:00:00,A1100011,가톨릭대학교여의도성모병원,20261008235510,11,13,60,,,,,Y,Y,Y,Y,Y,15
2026-10-09 00:00:00,A1100055,한림대학교 강남성심병원,20261008235112,13,14,179,,,4,,Y,Y,Y,Y,Y,20
2026-10-09 00:00:00,A1100054,성애의료재단성애병원,20261008235447,12,5,21,5,,3,,Y,Y,Y,Y,Y,15
2026-10-09 00:00:00,A1100004,순천향대학교부속서울병원,20261008235423,7,14,179,4,,-1,,Y,Y,Y,Y,Y,20
2026-10-09 00:00:00,A1121013,가톨릭대학교은평성모병원,20261008235508,-3,19,228,,,1,,Y,Y,Y,Y,Y,24
2026-10-09 00:00:00,A1100006,강북삼성병원,20261008235532,-2,15,86,9,,-1,1,Y,Y,Y,Y,Y,15
2026-10-09 00:00:00,A1100052,국립중앙의료원,20261008235504,9,7,0,9,,,,Y,Y,Y,Y,Y,15
2026-10-09 00:00:00,A1100036,부민병원,20261008235028,8,8,38,2,,,,Y,Y,Y,Y,Y,10
2026-10-09 00:00:00,A1100051,혜민병원,20261008235048,8,5,26,6,,,,Y,Y,N1,Y,Y,9
2026-10-09 00:00:00,A1100026,구로성심병원,20261008235338,5,3,66,6,,,,Y,Y,N1,Y,Y,9
2026-10-09 00:00:00,A1100049,희명병원,20261008235330,6,4,134,1,,,,Y,Y,N1,Y,Y,10
2026-10-09 00:00:00,A1100027,한국원자력의학원원자력병원,20261008235454,9,9,218,8,,,,Y,Y,Y,Y,Y,9
2026-10-09 00:00:00,A1100022,서울특별시동부병원,20261008235520,7,3,28,4,,,,Y,Y,N1,Y,Y,8
2026-10-09 00:00:00,A1100050,서울성심병원,20261008235520,16,6,91,7,,,,Y,Y,N1,Y,Y,17
2026-10-09 00:00:00,A1100025,의료법인동신의료재단동신병원,20261008235402,8,3,40,4,,,,Y,Y,N1,Y,Y,9
2026-10-09 00:00:00,A1122033,기쁨병원,20261008235500,0,8,43,,,,,Y,Y,Y,Y,Y,4
2026-10-09 00:00:00,A1100019,홍익병원,20261008235307,6,4,42,6,,,,Y,Y,Y,Y,Y,9
2026-10-09 00:00:00,A1100223,서울특별시서남병원,20261008235000,16,4,68,7,,,,Y,Y,N1,Y,Y,17
2026-10-09 00:00:00,A1100024,명지성모병원,20261008235711,5,3,115,1,,,,Y,Y,Y,Y,Y,8
2026-10-09 00:00:00,A1100037,대림성모병원,20261008235048,8,4,29,,,,,Y,Y,N1,Y,Y,8
2026-10-09 00:00:00,A1100045,씨엠병원,20261008234500,7,5,43,,,,,Y,Y,N1,Y,Y,9
2026-10-09 00:00:00,A1100023,의료법인청구성심병원,20261008235221,8,3,32,5,,,,Y,Y,N1,Y,Y,10
2026-10-09 00:00:00,A1100029,서울적십자병원,20261008235416,10,6,114,6,,,,Y,Y,N1,Y,Y,10
2026-10-09 00:00:00,A1100032,세란병원,20261008235438,5,13,60,,,,,Y,Y,N1,Y,Y,10
2026-10-09 00:00:00,A1100075,의료법인풍산의료재단동부제일병원,20261008235048,6,2,22,,,,,Y,N,N1,Y,Y,7
2026-10-09 00:00:00,A1100044,녹색병원,20261008235509,-3,3,92,6,,,,Y,Y,N1,Y,Y,5
2026-10-09 00:05:01,A1100043,강동경희대학교병원,20261009000022,-3,17,218,2,,3,,Y,Y,Y,Y,Y,15
2026-10-09 00:05:01,A1100014,고려대학교의과대학부속구로병원,20261008235745,2,24,131,9,,0,,Y,Y,Y,Y,Y,29
2026-10-09 00:05:01,A1100013,한양대학교병원,20261008235837,5,16,199,0,,0,,Y,Y,Y,Y,Y,20
2026-10-09 00:05:01,A1100008,학교법인고려중앙학원고려대학교의과대학부속병원(안암병원),20261009000010,2,23,157,,,0,,Y,Y,Y,Y,Y,30
2026-10-09 00:05:01,A1100005,이화여자대학교의과대학부속목동병원,20261008235558,5,13,104,,,7,,Y,Y,Y,Y,Y,19
2026-10-09 00:05:01,A1100017,서울대학교병원,20261008235949,-3,53,216,,5,5,3,Y,Y,Y,Y,Y,24
2026-10-09 00:05:01,A1100035,서울특별시서울의료원,20261009000000,8,10,99,1,,2,,Y,Y,Y,Y,Y,19
2026-10-09 00:05:01,A1100015,연세대학교의과대학강남세브란스병원,20261008235829,1,23,179,6,,0,,Y,Y,Y,Y,Y,21
2026-10-09 00:05:01,A1100010,삼성서울병원,20261008235834,-12,42,294,,,3,13,Y,Y,Y,Y,Y,52
2026-10-09 00:05:01,A1100028,성심의료재단강동성심병원,20261008224836,11,13,225,5,,2,,Y,Y,Y,Y,Y,15
2026-10-09 00:05:01,A1100053,한국보훈복지의료공단 중앙보훈병원,20261008235636,18,13,184,,,,,Y,Y,Y,Y,Y,22
2026-10-09 00:05:01,A1120796,이화여자대학교의과대학부속서울병원,20261008235607,0,19,196,0,,7,1,Y,Y,Y,Y,Y,14
2026-10-09 00:05:01,A1100041,의료법인서울효천의료재단 에이치플러스양지병원,20261009000009,10,7,42,2,,,,Y,Y,Y,Y,Y,18
2026-10-09 00:05:01,A1100002,건국대학교병원,20261008235603,7,21,159,,,0,,Y,Y,Y,Y,Y,20
2026-10-09 00:05:01,A1100016,인제대학교상계백병원,20261009000039,5,13,81,,,2,,Y,Y,Y,Y,Y,16
2026-10-09 00:05:01,A1100048,노원을지대학교병원,20261008235602,11,11,234,,,3,,Y,Y,Y,Y,Y,17
2026-10-09 00:05:01,A1100020,의료법인한전의료재단 한일병원,20261009000003,14,8,116,8,,,,Y,Y,Y,Y,Y,21
2026-10-09 00:05:01,A1100001,경희대학교병원,20261008235919,5,16,186,15,,7,,Y,Y,Y,Y,Y,15
2026-10-09 00:05:01,A1100021,삼육서울병원,20261008235938,13,5,131,3,,4,,Y,Y,Y,Y,Y,13
2026-10-09 00:05:01,A1100040,서울특별시보라매병원,20261009000000,15,14,208,,,2,,Y,Y,Y,Y,Y,31
2026-10-09 00:05:01,A1100003,중앙대학교병원,20261009000011,-4,16,189,,,0,,Y,Y,Y,Y,Y,22
2026-10-09 00:05:01,A1100007,연세대학교의과대학세브란스병원,20261008235923,-11,0,412,8,4,14,4,Y,Y,Y,Y,Y,39
2026-10-09 00:05:01,A1100012,학교법인가톨릭학원가톨릭대학교서울성모병원,20261009000014,-11,32,149,1,,10,7,Y,Y,Y,Y,Y,28
2026-10-09 00:05:01,A1100009,재단법인아산사회복지재단 서울아산병원,20261008235815,3,3,335,6,6,22,0,Y,Y,Y,Y,Y,36
2026-10-09 00:05:01,A1100011,가톨릭대학교여의도성모병원,20261009000013,11,13,60,,,,,Y,Y,Y,Y,Y,15
2026-10-09 00:05:01,A1100055,한림대학교 강남성심병원,20261008235612,13,14,179,,,4,,Y,Y,Y,Y,Y,20
2026-10-09 00:05:01,A1100054,성애의료재단성애병원,20261008235746,12,5,21,5,,3,,Y,Y,Y,Y,Y,15
2026-10-09 00:05:01,A1100004,순천향대학교부속서울병원,20261009000028,6,14,179,4,,-1,,Y,Y,Y,Y,Y,20
2026-10-09 00:05:01,A1121013,가톨릭대학교은평성모병원,20261009000014,-3,19,228,,,1,,Y,Y,Y,Y,Y,24
2026-10-09 00:05:01,A1100006,강북삼성병원,20261009000034,-2,16,86,9,,-1,1,Y,Y,Y,Y,Y,15
2026-10-09 00:05:01,A1100052,국립중앙의료원,20261008235804,9,7,0,9,,,,Y,Y,Y,Y,Y,15
2026-10-09 00:05:01,A1100036,부민병원,20261008235718,9,8,38,2,,,,Y,Y,Y,Y,Y,10
2026-10-09 00:05:01,A1100051,혜민병원,20261008235725,8,5,26,6,,,,Y,Y,N1,Y,Y,9
2026-10-09 00:05:01,A1100026,구로성심병원,20261008235941,5,3,66,6,,,,Y,Y,N1,Y,Y,9
2026-10-09 00:05:01,A1100049,희명병원,20261008235934,6,4,134,1,,,,Y,Y,N1,Y,Y,10
2026-10-09 00:05:01,A1100027,한국원자력의학원원자력병원,20261008235954,9,9,218,8,,,,Y,Y,Y,Y,Y,9
2026-10-09 00:05:01,A1100022,서울특별시동부병원,20261009000020,7,3,27,4,,,,Y,Y,N1,Y,Y,8
2026-10-09 00:05:01,A1100050,서울성심병원,20261008235823,16,6,91,7,,,,Y,Y,N1,Y,Y,17
2026-10-09 00:05:01,A1100025,의료법인동신의료재단동신병원,20261008235805,8,3,40,4,,,,Y,Y,N1,Y,Y,9
2026-10-09 00:05:01,A1122033,기쁨병원,20261008235940,0,8,43,,,,,Y,Y,Y,Y,Y,4
2026-10-09 00:05:01,A1100019,홍익병원,20261008235908,6,4,42,6,,,,Y,Y,Y,Y,Y,9
2026-10-09 00:05:01,A1100223,서울특별시서남병원,20261009000000,16,4,68,7,,,,Y,Y,N1,Y,Y,17
2026-10-09 00:05:01,A1100024,명지성모병원,20261009000011,5,3,115,1,,,,Y,Y,Y,Y,Y,8
2026-10-09 00:05:01,A1100037,대림성모병원,20261008235726,8,4,29,,,,,Y,Y,N1,Y,Y,8
2026-10-09 00:05:01,A1100045,씨엠병원,20261008234500,7,5,43,,,,,Y,Y,N1,Y,Y,9
2026-10-09 00:05:01,A1100023,의료법인청구성심병원,20261008235824,8,3,32,5,,,,Y,Y,N1,Y,Y,10
2026-10-09 00:05:01,A1100029,서울적십자병원,20261009000025,10,6,114,6,,,,Y,Y,N1,Y,Y,10
2026-10-09 00:05:01,A1100032,세란병원,20261008235738,5,13,60,,,,,Y,Y,N1,Y,Y,10
2026-10-09 00:05:01,A1100075,의료법인풍산의료재단동부제일병원,20261008235549,7,2,22,,,,,Y,N,N1,Y,Y,7
2026-10-09 00:05:01,A1100044,녹색병원,20261009000009,-3,3,92,6,,,,Y,Y,N1,Y,Y,5
2026-10-09 00:10:01,A1100043,강동경희대학교병원,20261009000522,-2,17,217,2,,3,,Y,Y,Y,Y,Y,15
2026-10-09 00:10:01,A1100014,고려대학교의과대학부속구로병원,20261009000254,2,24,131,9,,0,,Y,Y,Y,Y,Y,29
2026-10-09 00:10:01,A1100013,한양대학교병원,20261009000259,5,16,199,0,,0,,Y,Y,Y,Y,Y,20
2026-10-09 00:10:01,A1100008,학교법인고려중앙학원고려대학교의과대학부속병원(안암병원),20261009000441,4,23,157,,,0,,Y,Y,Y,Y,Y,30
2026-10-09 00:10:01,A1100005,이화여자대학교의과대학부속목동병원,20261009000058,5,13,104,,,7,,Y,Y,Y,Y,Y,19
2026-10-09 00:10:01,A1100017,서울대학교병원,20261009000449,-3,53,216,,5,5,3,Y,Y,Y,Y,Y,24
2026-10-09 00:10:01,A1100035,서울특별시서울의료원,20261009000500,7,10,99,1,,2,,Y,Y,Y,Y,Y,19
2026-10-09 00:10:01,A1100015,연세대학교의과대학강남세브란스병원,20261009000329,0,23,176,6,,0,,Y,Y,Y,Y,Y,21
2026-10-09 00:10:01,A1100010,삼성서울병원,20261009000241,-13,42,307,,,3,13,Y,Y,Y,Y,Y,52
2026-10-09 00:10:01,A1100028,성심의료재단강동성심병원,20261008231350,10,13,225,5,,2,,Y,Y,Y,Y,Y,15
2026-10-09 00:10:01,A1100053,한국보훈복지의료공단 중앙보훈병원,20261009000136,18,13,184,,,,,Y,Y,Y,Y,Y,22
2026-10-09 00:10:01,A1120796,이화여자대학교의과대학부속서울병원,20261009000107,-1,19,196,0,,7,1,Y,Y,Y,Y,Y,14
2026-10-09 00:10:01,A1100041,의료법인서울효천의료재단 에이치플러스양지병원,20261009000511,10,7,42,2,,,,Y,Y,Y,Y,Y,18
2026-10-09 00:10:01,A1100002,건국대학교병원,20261009000102,9,21,158,,,0,,Y,Y,Y,Y,Y,20
2026-10-09 00:10:01,A1100016,인제대학교상계백병원,20261009000039,5,13,81,,,2,,Y,Y,Y,Y,Y,16
2026-10-09 00:10:01,A1100048,노원을지대학교병원,20261009000102,11,11,234,,,3,,Y,Y,Y,Y,Y,17
2026-10-09 00:10:01,A1100020,의료법인한전의료재단 한일병원,20261009000504,14,8,116,8,,,,Y,Y,Y,Y,Y,21
2026-10-09 00:10:01,A1100001,경희대학교병원,20261009000443,5,16,186,15,,7,,Y,Y,Y,Y,Y,15
2026-10-09 00:10:01,A1100021,삼육서울병원,20261009000438,13,5,131,3,,4,,Y,Y,Y,Y,Y,13
2026-10-09 00:10:01,A1100040,서울특별시보라매병원,20261009000500,15,14,208,,,2,,Y,Y,Y,Y,Y,31
2026-10-09 00:10:01,A1100003,중앙대학교병원,20261009000510,-4,16,189,,,0,,Y,Y,Y,Y,Y,22
2026-10-09 00:10:01,A1100007,연세대학교의과대학세브란스병원,20261009000423,-11,2,412,8,4,14,4,Y,Y,Y,Y,Y,39
2026-10-09 00:10:01,A1100012,학교법인가톨릭학원가톨릭대학교서울성모병원,20261009000514,-10,32,150,1,,10,7,Y,Y,Y,Y,Y,28
2026-10-09 00:10:01,A1100009,재단법인아산사회복지재단 서울아산병원,20261009000415,2,4,336,6,6,22,0,Y,Y,Y,Y,Y,36
2026-10-09 00:10:01,A1100011,가톨릭대학교여의도성모병원,20261009000513,10,13,60,,,,,Y,Y,Y,Y,Y,15
2026-10-09 00:10:01,A1100055,한림대학교 강남성심병원,20261009000112,14,14,179,,,4,,Y,Y,Y,Y,Y,20
2026-10-09 00:10:01,A1100054,성애의료재단성애병원,20261009000346,12,5,21,5,,3,,Y,Y,Y,Y,Y,15
2026-10-09 00:10:01,A1100004,순천향대학교부속서울병원,20261009000324,5,14,179,4,,-1,,Y,Y,Y,Y,Y,20
2026-10-09 00:10:01,A1121013,가톨릭대학교은평성모병원,20261009000511,-2,19,228,,,1,,Y,Y,Y,Y,Y,24
2026-10-09 00:10:01,A1100006,강북삼성병원,20261009000507,-2,16,85,9,,-1,1,Y,Y,Y,Y,Y,15
2026-10-09 00:10:01,A1100052,국립중앙의료원,20261009000404,10,7,0,3,,,,Y,Y,Y,Y,Y,15
2026-10-09 00:10:01,A1100036,부민병원,20261009000142,10,8,38,2,,,,Y,Y,Y,Y,Y,10
2026-10-09 00:10:01,A1100051,혜민병원,20261009000123,8,5,26,6,,,,Y,Y,N1,Y,Y,9
2026-10-09 00:10:01,A1100026,구로성심병원,20261009000344,4,3,66,6,,,,Y,Y,N1,Y,Y,9
2026-10-09 00:10:01,A1100049,희명병원,20261009000539,6,4,134,1,,,,Y,Y,N1,Y,Y,10
2026-10-09 00:10:01,A1100027,한국원자력의학원원자력병원,20261009000454,9,10,218,8,,,,Y,Y,Y,Y,Y,9
2026-10-09 00:10:01,A1100022,서울특별시동부병원,20261009000520,8,3,27,4,,,,Y,Y,N1,Y,Y,8
2026-10-09 00:10:01,A1100050,서울성심병원,20261009000434,16,6,91,7,,,,Y,Y,N1,Y,Y,17
2026-10-09 00:10:01,A1100025,의료법인동신의료재단동신병원,20261009000408,8,3,40,4,,,,Y,Y,N1,Y,Y,9
2026-10-09 00:10:01,A1122033,기쁨병원,20261009000531,0,8,43,,,,,Y,Y,Y,Y,Y,4
2026-10-09 00:10:01,A1100019,홍익병원,20261009000509,5,4,42,6,,,,Y,Y,Y,Y,Y,9
2026-10-09 00:10:01,A1100223,서울특별시서남병원,20261009000000,16,4,68,7,,,,Y,Y,N1,Y,Y,17
2026-10-09 00:10:01,A1100024,명지성모병원,20261009000612,5,3,115,1,,,,Y,Y,Y,Y,Y,8
2026-10-09 00:10:01,A1100037,대림성모병원,20261009000123,8,4,29,,,,,Y,Y,N1,Y,Y,8
2026-10-09 00:10:01,A1100045,씨엠병원,20261009000046,7,5,43,,,,,Y,Y,N1,Y,Y,9
2026-10-09 00:10:01,A1100023,의료법인청구성심병원,20261009000226,10,3,32,5,,,,Y,Y,N1,Y,Y,10
2026-10-09 00:10:01,A1100029,서울적십자병원,20261009000430,10,6,114,6,,,,Y,Y,N1,Y,Y,10
2026-10-09 00:10:01,A1100032,세란병원,20261009000338,10,13,60,,,,,Y,Y,N1,Y,Y,10
2026-10-09 00:10:01,A1100075,의료법인풍산의료재단동부제일병원,20261009000049,7,2,22,,,,,Y,N,N1,Y,Y,7
2026-10-09 00:10:01,A1100044,녹색병원,20261009000510,-3,3,92,6,,,,Y,Y,N1,Y,Y,5
2026-10-09 00:15:00,A1100043,강동경희대학교병원,20261009001023,-2,17,217,2,,3,,Y,Y,Y,Y,Y,15
2026-10-09 00:15:00,A1100014,고려대학교의과대학부속구로병원,20261009000755,3,24,131,9,,0,,Y,Y,Y,Y,Y,29
2026-10-09 00:15:00,A1100013,한양대학교병원,20261009000837,5,16,199,0,,0,,Y,Y,Y,Y,Y,20
2026-10-09 00:15:00,A1100008,학교법인고려중앙학원고려대학교의과대학부속병원(안암병원),20261009000841,3,23,157,,,0,,Y,Y,Y,Y,Y,30
2026-10-09 00:15:00,A1100005,이화여자대학교의과대학부속목동병원,20261009000559,5,13,104,,,7,,Y,Y,Y,Y,Y,19
2026-10-09 00:15:00,A1100017,서울대학교병원,20261009000949,-3,53,216,,5,5,3,Y,Y,Y,Y,Y,24
2026-10-09 00:15:00,A1100035,서울특별시서울의료원,20261009001002,7,10,99,1,,2,,Y,Y,Y,Y,Y,19
2026-10-09 00:15:00,A1100015,연세대학교의과대학강남세브란스병원,20261009000829,1,23,176,6,,0,,Y,Y,Y,Y,Y,21
2026-10-09 00:15:00,A1100010,삼성서울병원,20261009000641,-12,42,307,,,3,13,Y,Y,Y,Y,Y,52
2026-10-09 00:15:00,A1100028,성심의료재단강동성심병원,20261008231350,10,13,225,5,,2,,Y,Y,Y,Y,Y,15
2026-10-09 00:15:00,A1100053,한국보훈복지의료공단 중앙보훈병원,20261009000636,18,13,184,,,,,Y,Y,Y,Y,Y,22
2026-10-09 00:15:00,A1120796,이화여자대학교의과대학부속서울병원,20261009000607,-1,19,196,0,,7,1,Y,Y,Y,Y,Y,14
2026-10-09 00:15:00,A1100041,의료법인서울효천의료재단 에이치플러스양지병원,20261009001017,10,7,42,2,,,,Y,Y,Y,Y,Y,18
2026-10-09 00:15:00,A1100002,건국대학교병원,20261009000603,9,21,158,,,0,,Y,Y,Y,Y,Y,20
2026-10-09 00:15:00,A1100016,인제대학교상계백병원,20261009000746,7,13,80,,,2,,Y,Y,Y,Y,Y,16
2026-10-09 00:15:00,A1100048,노원을지대학교병원,20261009000602,11,11,234,,,3,,Y,Y,Y,Y,Y,17
2026-10-09 00:15:00,A1100020,의료법인한전의료재단 한일병원,20261009001004,14,8,116,8,,,,Y,Y,Y,Y,Y,21
2026-10-09 00:15:00,A1100001,경희대학교병원,20261009001030,5,16,186,15,,7,,Y,Y,Y,Y,Y,15
2026-10-09 00:15:00,A1100021,삼육서울병원,20261009000953,13,5,131,3,,4,,Y,Y,Y,Y,Y,13
2026-10-09 00:15:00,A1100040,서울특별시보라매병원,20261009001000,15,14,208,,,2,,Y,Y,Y,Y,Y,31
2026-10-09 00:15:00,A1100003,중앙대학교병원,20261009001010,-3,16,189,,,0,,Y,Y,Y,Y,Y,22
2026-10-09 00:15:00,A1100007,연세대학교의과대학세브란스병원,20261009000923,-9,2,412,8,4,14,4,Y,Y,Y,Y,Y,39
2026-10-09 00:15:00,A1100012,학교법인가톨릭학원가톨릭대학교서울성모병원,20261009001017,-9,32,150,1,,10,7,Y,Y,Y,Y,Y,28
2026-10-09 00:15:00,A1100009,재단법인아산사회복지재단 서울아산병원,20261009000715,2,4,336,6,6,22,0,Y,Y,Y,Y,Y,36
2026-10-09 00:15:00,A1100011,가톨릭대학교여의도성모병원,20261009001016,10,13,60,,,,,Y,Y,Y,Y,Y,15
2026-10-09 00:15:00,A1100055,한림대학교 강남성심병원,20261009000612,14,14,179,,,4,,Y,Y,Y,Y,Y,20
2026-10-09 00:15:00,A1100054,성애의료재단성애병원,20261009000944,12,5,20,5,,3,,Y,Y,Y,Y,Y,15
2026-10-09 00:15:00,A1100004,순천향대학교부속서울병원,20261009000922,5,14,179,4,,-1,,Y,Y,Y,Y,Y,20
2026-10-09 00:15:00,A1121013,가톨릭대학교은평성모병원,20261009001016,-3,19,227,,,1,,Y,Y,Y,Y,Y,24
2026-10-09 00:15:00,A1100006,강북삼성병원,20261009001027,-2,16,85,9,,-1,1,Y,Y,Y,Y,Y,15
2026-10-09 00:15:00,A1100052,국립중앙의료원,20261009001005,9,7,0,9,,,,Y,Y,Y,Y,Y,15
2026-10-09 00:15:00,A1100036,부민병원,20261009000549,10,8,38,2,,,,Y,Y,Y,Y,Y,10
2026-10-09 00:15:00,A1100051,혜민병원,20261009000556,8,5,25,6,,,,Y,Y,N1,Y,Y,9
2026-10-09 00:15:00,A1100026,구로성심병원,20261009000948,5,3,66,6,,,,Y,Y,N1,Y,Y,9
2026-10-09 00:15:00,A1100049,희명병원,20261009000841,6,4,134,1,,,,Y,Y,N1,Y,Y,10
2026-10-09 00:15:00,A1100027,한국원자력의학원원자력병원,20261009000954,9,10,218,8,,,,Y,Y,Y,Y,Y,9
2026-10-09 00:15:00,A1100022,서울특별시동부병원,20261009001020,8,3,27,4,,,,Y,Y,N1,Y,Y,8
2026-10-09 00:15:00,A1100050,서울성심병원,20261009000742,16,6,91,7,,,,Y,Y,N1,Y,Y,17
2026-10-09 00:15:00,A1100025,의료법인동신의료재단동신병원,20261009000810,8,3,41,4,,,,Y,Y,N1,Y,Y,9
2026-10-09 00:15:00,A1122033,기쁨병원,20261009001011,0,8,43,,,,,Y,Y,Y,Y,Y,4
2026-10-09 00:15:00,A1100019,홍익병원,20261009000809,6,4,42,6,,,,Y,Y,Y,Y,Y,9
2026-10-09 00:15:00,A1100223,서울특별시서남병원,20261009001000,16,4,68,7,,,,Y,Y,N1,Y,Y,17
2026-10-09 00:15:00,A1100024,명지성모병원,20261009001212,5,3,115,1,,,,Y,Y,Y,Y,Y,8
2026-10-09 00:15:00,A1100037,대림성모병원,20261009000556,8,4,29,,,,,Y,Y,N1,Y,Y,8
2026-10-09 00:15:00,A1100045,씨엠병원,20261009000046,7,5,43,,,,,Y,Y,N1,Y,Y,9
2026-10-09 00:15:00,A1100023,의료법인청구성심병원,20261009000828,7,3,32,5,,,,Y,Y,N1,Y,Y,10
2026-10-09 00:15:00,A1100029,서울적십자병원,20261009001038,10,6,114,6,,,,Y,Y,N1,Y,Y,10
2026-10-09 00:15:00,A1100032,세란병원,20261009000938,10,13,60,,,,,Y,Y,N1,Y,Y,10
2026-10-09 00:15:00,A1100075,의료법인풍산의료재단동부제일병원,20261009000550,7,2,22,,,,,Y,N,N1,Y,Y,7
2026-10-09 00:15:00,A1100044,녹색병원,20261009001010,-3,3,92,6,,,,Y,Y,N1,Y,Y,5
2026-10-09 00:20:00,A1100043,강동경희대학교병원,20261009001518,0,17,217,2,,3,,Y,Y,Y,Y,Y,15
2026-10-09 00:20:00,A1100014,고려대학교의과대학부속구로병원,20261009001309,3,24,131,9,,0,,Y,Y,Y,Y,Y,29
2026-10-09 00:20:00,A1100013,한양대학교병원,20261009001300,5,16,198,0,,0,,Y,Y,Y,Y,Y,20
2026-10-09 00:20:00,A1100008,학교법인고려중앙학원고려대학교의과대학부속병원(안암병원),20261009001241,3,23,157,,,0,,Y,Y,Y,Y,Y,30
2026-10-09 00:20:00,A1100005,이화여자대학교의과대학부속목동병원,20261009001058,5,13,104,,,7,,Y,Y,Y,Y,Y,19
2026-10-09 00:20:00,A1100017,서울대학교병원,20261009001449,-3,53,216,,5,5,3,Y,Y,Y,Y,Y,24
2026-10-09 00:20:00,A1100035,서울특별시서울의료원,20261009001500,7,10,99,1,,2,,Y,Y,Y,Y,Y,19
2026-10-09 00:20:00,A1100015,연세대학교의과대학강남세브란스병원,20261009001329,2,23,176,6,,0,,Y,Y,Y,Y,Y,21
2026-10-09 00:20:00,A1100010,삼성서울병원,20261009001443,-12,42,306,,,3,13,Y,Y,Y,Y,Y,52
2026-10-09 00:20:00,A1100028,성심의료재단강동성심병원,20261008231350,10,13,225,5,,2,,Y,Y,Y,Y,Y,15
2026-10-09 00:20:00,A1100053,한국보훈복지의료공단 중앙보훈병원,20261009001136,18,13,184,,,,,Y,Y,Y,Y,Y,22
2026-10-09 00:20:00,A1120796,이화여자대학교의과대학부속서울병원,20261009001107,-1,19,196,0,,7,1,Y,Y,Y,Y,Y,14
2026-10-09 00:20:00,A1100041,의료법인서울효천의료재단 에이치플러스양지병원,20261009001511,11,7,42,2,,,,Y,Y,Y,Y,Y,18
2026-10-09 00:20:00,A1100002,건국대학교병원,20261009001103,9,21,158,,,0,,Y,Y,Y,Y,Y,20
2026-10-09 00:20:00,A1100016,인제대학교상계백병원,20261009001247,6,13,80,,,2,,Y,Y,Y,Y,Y,16
2026-10-09 00:20:00,A1100048,노원을지대학교병원,20261009001102,12,11,234,,,3,,Y,Y,Y,Y,Y,17
2026-10-09 00:20:00,A1100020,의료법인한전의료재단 한일병원,20261009001503,14,8,116,8,,,,Y,Y,Y,Y,Y,21
2026-10-09 00:20:00,A1100001,경희대학교병원,20261009001528,7,16,186,15,,7,,Y,Y,Y,Y,Y,15
2026-10-09 00:20:00,A1100021,삼육서울병원,20261009001501,13,5,131,3,,4,,Y,Y,Y,Y,Y,13
2026-10-09 00:20:00,A1100040,서울특별시보라매병원,20261009001500,15,14,208,,,1,,Y,Y,Y,Y,Y,31
2026-10-09 00:20:00,A1100003,중앙대학교병원,20261009001510,-2,16,188,,,0,,Y,Y,Y,Y,Y,22
2026-10-09 00:20:00,A1100007,연세대학교의과대학세브란스병원,20261009001423,-8,2,412,8,4,14,4,Y,Y,Y,Y,Y,39
2026-10-09 00:20:00,A1100012,학교법인가톨릭학원가톨릭대학교서울성모병원,20261009001511,-8,32,150,1,,10,7,Y,Y,Y,Y,Y,28
2026-10-09 00:20:00,A1100009,재단법인아산사회복지재단 서울아산병원,20261009001315,2,4,336,6,6,22,0,Y,Y,Y,Y,Y,36
2026-10-09 00:20:00,A1100011,가톨릭대학교여의도성모병원,20261009001510,10,13,60,,,,,Y,Y,Y,Y,Y,15
2026-10-09 00:20:00,A1100055,한림대학교 강남성심병원,20261009001112,15,14,179,,,4,,Y,Y,Y,Y,Y,20
2026-10-09 00:20:00,A1100054,성애의료재단성애병원,20261009001242,12,5,20,5,,3,,Y,Y,Y,Y,Y,15
2026-10-09 00:20:00,A1100004,순천향대학교부속서울병원,20261009001523,5,13,179,4,,-1,,Y,Y,Y,Y,Y,20
2026-10-09 00:20:00,A1121013,가톨릭대학교은평성모병원,20261009001510,-2,19,227,,,1,,Y,Y,Y,Y,Y,24
2026-10-09 00:20:00,A1100006,강북삼성병원,20261009001506,-1,16,85,9,,-1,1,Y,Y,Y,Y,Y,15
2026-10-09 00:20:00,A1100052,국립중앙의료원,20261009001304,9,7,0,9,,,,Y,Y,Y,Y,Y,15
2026-10-09 00:20:00,A1100036,부민병원,20261009001150,10,8,38,2,,,,Y,Y,Y,Y,Y,10
2026-10-09 00:20:00,A1100051,혜민병원,20261009001158,8,5,25,6,,,,Y,Y,N1,Y,Y,9
2026-10-09 00:20:00,A1100026,구로성심병원,20261009001350,5,3,66,6,,,,Y,Y,N1,Y,Y,9
2026-10-09 00:20:00,A1100049,희명병원,20261009001445,7,4,134,1,,,,Y,Y,N1,Y,Y,10
2026-10-09 00:20:00,A1100027,한국원자력의학원원자력병원,20261009001454,8,10,218,8,,,,Y,Y,Y,Y,Y,9
2026-10-09 00:20:00,A1100022,서울특별시동부병원,20261009001520,8,3,27,4,,,,Y,Y,N1,Y,Y,8
2026-10-09 00:20:00,A1100050,서울성심병원,20261009001351,16,6,91,7,,,,Y,Y,N1,Y,Y,17
2026-10-09 00:20:00,A1100025,의료법인동신의료재단동신병원,20261009001413,8,3,41,4,,,,Y,Y,N1,Y,Y,9
2026-10-09 00:20:00,A1122033,기쁨병원,20261009001451,0,8,43,,,,,Y,Y,Y,Y,Y,4
2026-10-09 00:20:00,A1100019,홍익병원,20261009001410,7,4,42,6,,,,Y,Y,Y,Y,Y,9
2026-10-09 00:20:00,A1100223,서울특별시서남병원,20261009001000,16,4,68,7,,,,Y,Y,N1,Y,Y,17
2026-10-09 00:20:00,A1100024,명지성모병원,20261009001512,5,3,115,1,,,,Y,Y,Y,Y,Y,8
2026-10-09 00:20:00,A1100037,대림성모병원,20261009001158,8,4,29,,,,,Y,Y,N1,Y,Y,8
2026-10-09 00:20:00,A1100045,씨엠병원,20261009001500,7,5,43,,,,,Y,Y,N1,Y,Y,9
2026-10-09 00:20:00,A1100023,의료법인청구성심병원,20261009001230,7,3,32,5,,,,Y,Y,N1,Y,Y,10
2026-10-09 00:20:00,A1100029,서울적십자병원,20261009001443,10,6,114,6,,,,Y,Y,N1,Y,Y,10
2026-10-09 00:20:00,A1100032,세란병원,20261009001238,10,13,60,,,,,Y,Y,N1,Y,Y,10
2026-10-09 00:20:00,A1100075,의료법인풍산의료재단동부제일병원,20261009001051,7,2,22,,,,,Y,N,N1,Y,Y,7
2026-10-09 00:20:00,A1100044,녹색병원,20261009001510,-1,3,92,6,,,,Y,Y,N1,Y,Y,5
2026-10-09 00:25:01,A1100043,강동경희대학교병원,20261009002019,-1,17,217,2,,3,,Y,Y,Y,Y,Y,15
2026-10-09 00:25:01,A1100014,고려대학교의과대학부속구로병원,20261009001817,3,24,131,9,,0,,Y,Y,Y,Y,Y,29
2026-10-09 00:25:01,A1100013,한양대학교병원,20261009001837,4,16,198,0,,0,,Y,Y,Y,Y,Y,20
2026-10-09 00:25:01,A1100008,학교법인고려중앙학원고려대학교의과대학부속병원(안암병원),20261009001732,3,23,157,,,0,,Y,Y,Y,Y,Y,30
2026-10-09 00:25:01,A1100005,이화여자대학교의과대학부속목동병원,20261009001558,5,13,104,,,7,,Y,Y,Y,Y,Y,19
2026-10-09 00:25:01,A1100017,서울대학교병원,20261009001949,-4,53,216,,5,5,3,Y,Y,Y,Y,Y,24
2026-10-09 00:25:01,A1100035,서울특별시서울의료원,20261009002000,8,10,99,1,,2,,Y,Y,Y,Y,Y,19
2026-10-09 00:25:01,A1100015,연세대학교의과대학강남세브란스병원,20261009001829,3,23,176,6,,0,,Y,Y,Y,Y,Y,21
2026-10-09 00:25:01,A1100010,삼성서울병원,20261009001846,-13,42,306,,,3,13,Y,Y,Y,Y,Y,52
2026-10-09 00:25:01,A1100028,성심의료재단강동성심병원,20261008231350,10,13,225,5,,2,,Y,Y,Y,Y,Y,15
2026-10-09 00:25:01,A1100053,한국보훈복지의료공단 중앙보훈병원,20261009001636,18,13,184,,,,,Y,Y,Y,Y,Y,22
2026-10-09 00:25:01,A1120796,이화여자대학교의과대학부속서울병원,20261009001607,0,19,196,0,,7,1,Y,Y,Y,Y,Y,14
2026-10-09 00:25:01,A1100041,의료법인서울효천의료재단 에이치플러스양지병원,20261009002010,11,7,42,2,,,,Y,Y,Y,Y,Y,18
2026-10-09 00:25:01,A1100002,건국대학교병원,20261009001603,8,21,158,,,0,,Y,Y,Y,Y,Y,20
2026-10-09 00:25:01,A1100016,인제대학교상계백병원,20261009001748,6,13,80,,,2,,Y,Y,Y,Y,Y,16
2026-10-09 00:25:01,A1100048,노원을지대학교병원,20261009001602,12,11,234,,,3,,Y,Y,Y,Y,Y,17
2026-10-09 00:25:01,A1100020,의료법인한전의료재단 한일병원,20261009002003,14,8,116,8,,,,Y,Y,Y,Y,Y,21
2026-10-09 00:25:01,A1100001,경희대학교병원,20261009002028,7,16,186,15,,7,,Y,Y,Y,Y,Y,15
2026-10-09 00:25:01,A1100021,삼육서울병원,20261009002005,13,5,131,3,,4,,Y,Y,Y,Y,Y,13
2026-10-09 00:25:01,A1100040,서울특별시보라매병원,20261009002000,14,14,207,,,1,,Y,Y,Y,Y,Y,31
2026-10-09 00:25:01,A1100003,중앙대학교병원,20261009002008,-2,16,188,,,0,,Y,Y,Y,Y,Y,22
2026-10-09 00:25:01,A1100007,연세대학교의과대학세브란스병원,20261009001924,-8,2,412,8,4,14,4,Y,Y,Y,Y,Y,39
2026-10-09 00:25:01,A1100012,학교법인가톨릭학원가톨릭대학교서울성모병원,20261009002014,-8,32,150,1,,10,7,Y,Y,Y,Y,Y,28
2026-10-09 00:25:01,A1100009,재단법인아산사회복지재단 서울아산병원,20261009001915,3,4,336,6,6,22,0,Y,Y,Y,Y,Y,36
2026-10-09 00:25:01,A1100011,가톨릭대학교여의도성모병원,20261009002014,11,13,60,,,,,Y,Y,Y,Y,Y,15
2026-10-09 00:25:01,A1100055,한림대학교 강남성심병원,20261009001612,14,14,179,,,4,,Y,Y,Y,Y,Y,20
2026-10-09 00:25:01,A1100054,성애의료재단성애병원,20261009001838,12,5,20,5,,3,,Y,Y,Y,Y,Y,15
2026-10-09 00:25:01,A1100004,순천향대학교부속서울병원,20261009001822,5,13,179,4,,-1,,Y,Y,Y,Y,Y,20
2026-10-09 00:25:01,A1121013,가톨릭대학교은평성모병원,20261009002014,-1,19,227,,,1,,Y,Y,Y,Y,Y,24
2026-10-09 00:25:01,A1100006,강북삼성병원,20261009002033,-1,16,85,9,,-1,1,Y,Y,Y,Y,Y,15
2026-10-09 00:25:01,A1100052,국립중앙의료원,20261009001905,11,7,0,3,,,,Y,Y,Y,Y,Y,15
2026-10-09 00:25:01,A1100036,부민병원,20261009001622,9,8,38,2,,,,Y,Y,Y,Y,Y,10
2026-10-09 00:25:01,A1100051,혜민병원,20261009001629,8,5,25,6,,,,Y,Y,N1,Y,Y,9
2026-10-09 00:25:01,A1100026,구로성심병원,20261009001954,5,3,66,6,,,,Y,Y,N1,Y,Y,9
2026-10-09 00:25:01,A1100049,희명병원,20261009001747,7,4,134,1,,,,Y,Y,N1,Y,Y,10
2026-10-09 00:25:01,A1100027,한국원자력의학원원자력병원,20261009001954,8,10,218,8,,,,Y,Y,Y,Y,Y,9
2026-10-09 00:25:01,A1100022,서울특별시동부병원,20261009002020,8,3,27,4,,,,Y,Y,N1,Y,Y,8
2026-10-09 00:25:01,A1100050,서울성심병원,20261009002003,16,6,91,7,,,,Y,Y,N1,Y,Y,17
2026-10-09 00:25:01,A1100025,의료법인동신의료재단동신병원,20261009001815,8,3,41,4,,,,Y,Y,N1,Y,Y,9
2026-10-09 00:25:01,A1122033,기쁨병원,20261009001931,1,8,43,,,,,Y,Y,Y,Y,Y,4
2026-10-09 00:25:01,A1100019,홍익병원,20261009002011,8,4,42,6,,,,Y,Y,Y,Y,Y,9
2026-10-09 00:25:01,A1100223,서울특별시서남병원,20261009002000,16,4,68,7,,,,Y,Y,N1,Y,Y,17
2026-10-09 00:25:01,A1100024,명지성모병원,20261009002113,5,3,115,1,,,,Y,Y,Y,Y,Y,8
2026-10-09 00:25:01,A1100037,대림성모병원,20261009001629,8,4,29,,,,,Y,Y,N1,Y,Y,8
2026-10-09 00:25:01,A1100045,씨엠병원,20261009001500,7,5,43,,,,,Y,Y,N1,Y,Y,9
2026-10-09 00:25:01,A1100023,의료법인청구성심병원,20261009001832,7,3,32,5,,,,Y,Y,N1,Y,Y,10
2026-10-09 00:25:01,A1100029,서울적십자병원,20261009001849,10,6,114,6,,,,Y,Y,N1,Y,Y,10
2026-10-09 00:25:01,A1100032,세란병원,20261009001839,10,13,60,,,,,Y,Y,N1,Y,Y,10
2026-10-09 00:25:01,A1100075,의료법인풍산의료재단동부제일병원,20261009001551,7,2,22,,,,,Y,N,N1,Y,Y,7
2026-10-09 00:25:01,A1100044,녹색병원,20261009002000,2,3,92,6,,,,Y,Y,N1,Y,Y,5
