attempted_at,error
2026-10-03 00:03:14,ConnectTimeout
2026-10-03 02:23:34,ConnectTimeout
2026-10-03 05:00:58,ConnectTimeout
2026-10-03 06:00:56,ConnectTimeout
2026-10-03 06:12:45,ConnectTimeout
2026-10-03 06:26:54,ConnectTimeout
2026-10-03 08:05:09,ConnectTimeout
2026-10-03 09:43:42,ConnectTimeout
2026-10-03 13:13:22,ConnectTimeout
2026-10-03 14:51:42,ConnectTimeout
2026-10-03 16:10:57,ConnectTimeout
2026-10-03 17:30:31,ConnectTimeout
2026-10-03 18:27:19,ConnectTimeout
2026-10-03 18:39:35,ConnectTimeout
