hpid,dutyName,dutyEmclsName,dutyAddr,wgs84Lat,wgs84Lon,dutyTel3
A1100011,가톨릭대학교여의도성모병원,지역응급의료센터,"서울특별시 영등포구 63로 10, 여의도성모병원 (여의도동)",37.51827233800711,126.93673129599131,02-1661-7575
A1121013,가톨릭대학교은평성모병원,지역응급의료센터,서울특별시 은평구 통일로 1021 (진관동),37.633608409726854,126.91615048739686,02-1811-7755
A1100047,강남고려병원,응급실운영신고기관,서울특별시 관악구 관악로 242 (봉천동),37.4856188363947,126.956781703053,1661-8267
A1100141,강남베드로병원,응급실운영신고기관,"서울특별시 강남구 남부순환로 2649, 베드로병원 (도곡동)",37.485612179925724,127.0395873429168,1544-7522
A1100076,강남힐병원,응급실운영신고기관,"서울특별시 관악구 남부순환로 1449, 강남힐병원 (신림동)",37.4816513439454,126.911648078471,02-853-4600
A1100043,강동경희대학교병원,권역응급의료센터,서울특별시 강동구 동남로 892 (상일동),37.5520459324005,127.157084787845,02-440-7114
A1100006,강북삼성병원,지역응급의료센터,서울특별시 종로구 새문안로 29 (평동),37.568497631233825,126.96793805451702,02-2001-2001
A1121842,강북으뜸병원,응급실운영신고기관,"서울특별시 강북구 도봉로 187, 지하1층, 지상1층~지상5층 (미아동)",37.6254205559935,127.026184524499,02-986-0334
A1117285,강서케이병원,응급실운영신고기관,"서울특별시 강서구 가로공원로 187, 강서케이병원 (화곡동)",37.5373576230977,126.836699017573,02-1833-7530
A1125429,강철병원,응급실운영신고기관,"서울특별시 송파구 백제고분로 252, SH타워 2~8층 (삼전동)",37.50234558341771,127.09429683872202,02-6287-5500
A1100002,건국대학교병원,지역응급의료센터,서울특별시 광진구 능동로 120-1 (화양동),37.54084479467721,127.0721229093036,1588-1533
A1100039,경찰병원,응급실운영신고기관,"서울특별시 송파구 송이로 123, 국립경찰병원 (가락동)",37.496413213560785,127.12348793503201,02-3400-1114
A1100001,경희대학교병원,지역응급의료센터,서울특별시 동대문구 경희대로 23 (회기동),37.5938765502235,127.05183223390303,02-958-8114
A1100014,고려대학교의과대학부속구로병원,권역응급의료센터,"서울특별시 구로구 구로동로 148, 고려대부속구로병원 (구로동)",37.49211114525054,126.8847449363546,02-2626-1114
A1100026,구로성심병원,지역응급의료기관,"서울특별시 구로구 경인로 427, 구로성심병원 (고척동)",37.49964578669388,126.86636039556485,02-2067-1500
A1100052,국립중앙의료원,지역응급의료센터,"서울특별시 중구 을지로 245, 국립중앙의료원 (을지로6가)",37.56733955813183,127.00579539705472,02-2260-7114
A1122033,기쁨병원,지역응급의료기관,"서울특별시 서초구 서초중앙로 4, 기쁨병원 (서초동)",37.482713030212,127.018063486739,02-570-1234
A1126226,낭만병원,응급실운영신고기관,서울특별시 동작구 동작대로 67 (사당동),37.4825469938281,126.981480681968,02-523-1119
A1100048,노원을지대학교병원,지역응급의료센터,"서울특별시 노원구 한글비석로 68, 을지병원 (하계동)",37.636442927386746,127.07000281991385,02-970-8000
A1100044,녹색병원,지역응급의료기관,서울특별시 중랑구 사가정로49길 53 (면목동),37.58362083896108,127.08605546969357,02-490-2000
A1100037,대림성모병원,지역응급의료기관,"서울특별시 영등포구 시흥대로 657 (대림동, 대림성모병원)",37.49068925436284,126.90716948025135,02-829-9000
A1123234,더드림병원,응급실운영신고기관,"서울특별시 강남구 선릉로 404, 더드림병원 (대치동)",37.5009902618151,127.050967336445,02-1661-1177
A1100024,명지성모병원,지역응급의료기관,"서울특별시 영등포구 도림로 156, 명지성모병원 (대림동)",37.4938507104387,126.89925446922592,02-1899-1475
A1100046,미즈메디병원,응급실운영신고기관,서울특별시 강서구 강서로 295 (내발산동),37.55225379358291,126.83602535156236,15882701
A1100036,부민병원,지역응급의료기관,"서울특별시 강서구 공항대로 389, 부민병원 (등촌동)",37.556940892893586,126.85094950539181,1577-7582
A1100148,사랑의병원,응급실운영신고기관,"서울특별시 관악구 남부순환로 1860, -1,1,3,4,5층 (봉천동,  )",37.4796247835746,126.956285774259,02-880-0114
A1100010,삼성서울병원,지역응급의료센터,"서울특별시 강남구 일원로 81 (일원동, 삼성의료원)",37.48851613490445,127.08668245340024,02-3410-2114
A1100021,삼육서울병원,지역응급의료센터,서울특별시 동대문구 망우로 82 (휘경동),37.587992001305395,127.0653288266823,02-2244-0191
A1100253,서울고든병원,응급실운영신고기관,"서울특별시 강서구 양천로 600, 파인블루빌딩 지하1층,2,7,8층 ,9,10호 (등촌동)",37.5554767520191,126.864673727749,1670-0124
A1100017,서울대학교병원,권역응급의료센터,서울특별시 종로구 대학로 101 (연건동),37.57966608924356,126.99896308412191,02-1588-5700
A1107402,서울대학교치과병원,응급실운영신고기관,서울특별시 종로구 대학로 101 (연건동),37.5804523853297,126.997196437908,1522-2700
A1100050,서울성심병원,지역응급의료기관,"서울특별시 동대문구 왕산로 259, 서울성심병원 (청량리동)",37.58419129209865,127.04983805981972,02-966-1616
A1100029,서울적십자병원,지역응급의료기관,"서울특별시 종로구 새문안로 9, 적십자병원 (평동)",37.56715536263689,126.96699861289684,02-2002-8000
A1100022,서울특별시동부병원,지역응급의료기관,서울특별시 동대문구 무학로 124 (용두동),37.57539886464885,127.03140257525507,02-920-9114
A1100040,서울특별시보라매병원,지역응급의료센터,서울특별시 동작구 보라매로5길 20 (신대방동),37.4937184009319,126.92404876254014,02-870-2114
A1100223,서울특별시서남병원,지역응급의료기관,서울특별시 양천구 신정이펜1로 20 (신정동),37.51201935883779,126.8331299304024,1566-6688
A1100035,서울특별시서울의료원,권역응급의료센터,서울특별시 중랑구 신내로 156 (신내동),37.61286931510163,127.0980910949257,02-2276-7000
A1100172,서울현대병원,응급실운영신고기관,"서울특별시 강북구 도봉로 374 (번동, 서울현대병원)",37.6402559204261,127.028504374531,02-1588-6853
A1100028,성심의료재단강동성심병원,지역응급의료센터,서울특별시 강동구 성안로 150 (길동),37.53598408220376,127.13526354631517,02-2224-2114
A1100054,성애의료재단성애병원,지역응급의료센터,"서울특별시 영등포구 여의대방로53길 22 (신길동, 성애병원)",37.51205044957338,126.92236733617031,02-840-7114
A1100032,세란병원,지역응급의료기관,서울특별시 종로구 통일로 256 (무악동),37.57534016994642,126.9577071892358,02-737-0181
A1100004,순천향대학교부속서울병원,지역응급의료센터,서울특별시 용산구 대사관로 59 (한남동),37.53384172231443,127.00441798640304,02-709-9114
A1100063,신촌연세병원,응급실운영신고기관,"서울특별시 마포구 서강로 110, 지2층~6층 (신수동)",37.5525892651719,126.933734666413,02-337-7582
A1100045,씨엠병원,지역응급의료기관,"서울특별시 영등포구 영등포로36길 13 (영등포동4가, 충무병원)",37.518848328762154,126.90367981067837,02-2678-0001
A1100015,연세대학교의과대학강남세브란스병원,지역응급의료센터,"서울특별시 강남구 언주로 211, 강남세브란스병원 (도곡동)",37.492806984645476,127.04631254186797,02-2019-3114
A1100007,연세대학교의과대학세브란스병원,지역응급의료센터,서울특별시 서대문구 연세로 50-1 (신촌동),37.56211711412639,126.94082769649863,02-2228-0114
A1120432,올바로병원,응급실운영신고기관,"서울특별시 서초구 명달로 102, 서원빌딩 1-6층 (서초동)",37.4862288033541,127.004386280268,02-587-8875
A1100042,우리들병원,응급실운영신고기관,서울특별시 강서구 하늘길 70 (과해동),37.56199597494205,126.7963653099318,02-2660-7500
A1100152,은평연세병원,응급실운영신고기관,서울특별시 은평구 연서로 177 (갈현동),37.6146922208583,126.917472218592,02-388-8114
A1100025,의료법인동신의료재단동신병원,지역응급의료기관,"서울특별시 서대문구 연희로 272, 동신병원 본관동 (홍은동)",37.58110428173239,126.93658306608872,02-396-9161
A1100041,의료법인서울효천의료재단 에이치플러스양지병원,지역응급의료센터,"서울특별시 관악구 남부순환로 1636, 양지병원 (신림동)",37.48427507045319,126.93253922577287,02-1877-8875
A1100030,의료법인성화의료재단대한병원,응급실운영신고기관,"서울특별시 강북구 도봉로 301 (수유동, 대한병원)",37.63547043209498,127.02267251878474,02-903-3232
A1100255,의료법인인봉의료재단영등포병원,응급실운영신고기관,서울특별시 영등포구 당산로31길 10 (당산동3가),37.526858089517,126.89561402986,02-2635-2809
A1100023,의료법인청구성심병원,지역응급의료기관,서울특별시 은평구 통일로 873 (갈현동),37.62079154435882,126.91955399169245,02-350-3300
A1100075,의료법인풍산의료재단동부제일병원,지역응급의료기관,"서울특별시 중랑구 망우로 511, 동부제일병원 지하1~6층 (망우동)",37.60067564592665,127.1090292210168,02-437-5011
A1100020,의료법인한전의료재단 한일병원,지역응급의료센터,"서울특별시 도봉구 우이천로 308, 한일병원 (쌍문동)",37.64611570419094,127.02902417950423,02-901-3114
A1100005,이화여자대학교의과대학부속목동병원,권역응급의료센터,서울특별시 양천구 안양천로 1071 (목동),37.53654282637804,126.8862159683056,02-2650-5114
A1120796,이화여자대학교의과대학부속서울병원,지역응급의료센터,"서울특별시 강서구 공항대로 260, 이화의대부속서울병원 (마곡동)",37.557261149,126.8362659275,1522-7000
A1100016,인제대학교상계백병원,지역응급의료센터,"서울특별시 노원구 동일로 1342, 상계백병원 (상계동)",37.6485812672986,127.06311619032102,02-950-1114
A1122381,재단법인베스티안재단베스티안서울병원,응급실운영신고기관,서울특별시 성동구 왕십리로 382 (하왕십리동),37.5651102845783,127.028019796271,02-3452-7575
A1100009,재단법인아산사회복지재단 서울아산병원,지역응급의료센터,"서울특별시 송파구 올림픽로43길 88, 서울아산병원 (풍납동)",37.526563966361216,127.10823825113607,02-3010-3114
A1100003,중앙대학교병원,지역응급의료센터,서울특별시 동작구 흑석로 102 (흑석동),37.50707428493414,126.96079378447554,1800-1114
A1100057,차의과학대학교강남차병원,응급실운영신고기관,"서울특별시 강남구 논현로 566, 강남차병원(역삼동650-9, 606-4, 605외2필지(지하7층~지하1층, 지상2층~7층)) (역삼동)",37.506800025850865,127.03466865188072,02-3468-3000
A1117070,최원호병원,응급실운영신고기관,"서울특별시 은평구 서오릉로 45, 최원호병원 (녹번동)",37.604769594378,126.923855760856,02-1588-3797
A1100008,학교법인 고려중앙학원 고려대학교의과대학부속병원(안암병원),권역응급의료센터,"서울특별시 성북구 고려대로 73, 고려대병원 (안암동5가)",37.58715608002366,127.02647086385966,1577-0083
A1100012,학교법인가톨릭학원가톨릭대학교서울성모병원,지역응급의료센터,서울특별시 서초구 반포대로 222 (반포동),37.501800804785276,127.00472725970137,0215881511
A1100163,한강수병원,응급실운영신고기관,"서울특별시 영등포구 영등포로 83, 한강수병원 (양평동1가)",37.5224047841717,126.890913736375,02-1800-7119
A1100053,한국보훈복지의료공단 중앙보훈병원,지역응급의료센터,서울특별시 강동구 진황도로61길 53 (둔촌동),37.530364623261285,127.14796981228653,02-2225-1111
A1100027,한국원자력의학원원자력병원,지역응급의료기관,"서울특별시 노원구 노원로 75, 한국원자력의학원 (공릉동)",37.628815981330355,127.08269315796588,02-970-2114
A1100055,한림대학교 강남성심병원,지역응급의료센터,"서울특별시 영등포구 신길로 1 (대림동, 강남성심병원)",37.4932492859,126.9086725295,02-829-5114
A1100038,한림대학교한강성심병원,응급실운영신고기관,"서울특별시 영등포구 버드나루로7길 12 (영등포동7가, 한강성심병원)",37.52346674579277,126.91033000120589,02-2639-5114
A1100013,한양대학교병원,권역응급의료센터,서울특별시 성동구 왕십리로 222-1 (사근동),37.559944533564746,127.04488284061982,02-2290-8114
A1100051,혜민병원,지역응급의료기관,서울특별시 광진구 자양로 85 (자양동),37.535315660180416,127.08360130258502,02-2049-9000
A1100019,홍익병원,지역응급의료기관,"서울특별시 양천구 목동로 225, 홍익병원본관 (신정동)",37.52844147447355,126.8636640030062,02-2693-5555
A1100049,희명병원,지역응급의료기관,서울특별시 금천구 시흥대로 244 (시흥동),37.45567063464179,126.90056251863875,02-804-0002
